overview, 63
diageo, 42
society, 24
programme, 14
alcohol, 12
sustainable, 12
business, 11
graduate, 11
america, 10
development, 9
africa, 8
media, 8
brands, 8
sustainability, 7
investor, 7
governance, 7
reporting, 7
centre, 7
director, 7
operate, 6
north, 6
drinking, 6
communities, 6
people, 6
breweries, 6
guinness, 6
diversity, 6
whisky, 6
news, 6
water, 6
europe, 5
latin, 5
caribbean, 5
committee, 5
corporate, 5
information, 5
inclusion, 5
search, 5
global, 4
powerhouse, 4
positive, 4
asia, 4
pacific, 4
spirit, 4
board, 4
brand, 4
scotch, 4
world, 4
glass, 4
right, 4
way, 4
press, 4
releases, 4
shares, 4
return, 4
skip, 3
major, 3
limited, 3
growth, 3
role, 3
australia, 3
responsible, 3
contacts, 3
moët, 3
hennessy, 3
thailand, 3
history, 3
executive, 3
directors, 3
policy, 3
compliance, 3
introduction, 3
progress, 3
promote, 3
marketing, 3
champion, 3
pioneer, 3
grain, 3
supply, 3
case, 3
studies, 3
meeting, 3
videos, 3
investors, 3
financial, 3
results, 3
shareholder, 3
annual, 3
general, 3
agm, 3
capital, 3
offer, 3
services, 3
apply, 3
career, 3
advice, 3
chairman, 3
johnnie, 3
walker, 3
game, 3
strategy, 2
european, 2
great, 2
britain, 2
ireland, 2
iberia, 2
contributor, 2
building, 2
thriving, 2
russia, 2
россия, 2
east, 2
african, 2
employment, 2
south, 2
ghana, 2
plc, 2
cameroun, 2
seychelles, 2
nigeria, 2
mexico, 2
korea, 2
디아지오코리아, 2
한국어, 2
ディアジオ, 2
ジャパン, 2
japan, 2
values, 2
code, 2
statement, 2
archive, 2
explorer, 2
famous, 2
targets, 2
inclusive, 2
empowerment, 2
preserve, 2
life, 2
become, 2
design, 2
resources, 2
manage, 2
human, 2
stakeholder, 2
engagement, 2
features, 2
gallery, 2
rss, 2
feed, 2
presentations, 2
ambition, 2
ordinary, 2
managing, 2
shareholding, 2
dividend, 2
frequently, 2
asked, 2
questions, 2
adr, 2
share, 2
debt, 2
holders, 2
sell, 2
side, 2
coverage, 2
calendar, 2
create, 2
careers, 2
ecommerce, 2
finance, 2
sales, 2
greater, 2
china, 2
culture, 2
chief, 2
popular, 2
flagship, 2
single, 2
malt, 2
collection, 2
thrones, 2
navigation, 1
main, 1
page, 1
content, 1
accesskey, 1
footer, 1
menu, 1
home, 1
businessour, 1
american, 1
responsibility, 1
making, 1
contribution, 1
community, 1
support, 1
irish, 1
наша, 1
команда, 1
алкоголь, 1
общество, 1
fraud, 1
investing, 1
future, 1
financials, 1
regional, 1
investment, 1
australian, 1
건전음주, 1
문화, 1
연락처, 1
私たちの文化, 1
conduct, 1
committees, 1
subsidiary, 1
companies, 1
arrangements, 1
places, 1
innovations, 1
make, 1
today, 1
brandsour, 1
scotland, 1
around, 1
downloads, 1
iconic, 1
innovative, 1
video, 1
achievements, 1
drinkiq, 1
preventing, 1
drink, 1
driving, 1
tackling, 1
underage, 1
celebrating, 1
moderation, 1
consumer, 1
working, 1
industry, 1
women, 1
skills, 1
shaping, 1
operations, 1
chain, 1
advocacy, 1
accelerate, 1
low, 1
carbon, 1
waste, 1
reinventing, 1
packaging, 1
restoring, 1
sourcing, 1
solutions, 1
policies, 1
standards, 1
rights, 1
slavery, 1
health, 1
safety, 1
materiality, 1
external, 1
operating, 1
environments, 1
management, 1
awards, 1
rankings, 1
responsibilities, 1
environment, 1
medianews, 1
investorsinvestors, 1
purpose, 1
model, 1
market, 1
dynamics, 1
strategic, 1
priorities, 1
performance, 1
historical, 1
regulatory, 1
value, 1
shareholders, 1
scale, 1
geographic, 1
breadth, 1
careerscareers, 1
apprentice, 1
relations, 1
looking, 1
faqs, 1
open, 1
roles, 1
hr, 1
internships, 1
legal, 1
procurement, 1
india, 1
learning, 1
part, 1
everyone, 1
opportunity, 1
develop, 1
grow, 1
javier, 1
ferrán, 1
ivan, 1
menezes, 1
kathryn, 1
mikells, 1
officer, 1
susan, 1
kilsby, 1
senior, 1
independent, 1
remuneration, 1
melissa, 1
bethell, 1
valérie, 1
sir, 1
john, 1
manzoni, 1
nicola, 1
mendelsohn, 1
alan, 1
stewart, 1
audit, 1
ireena, 1
vittal, 1
siobhán, 1
moriarty, 1
counsel, 1
company, 1
secretary, 1
time, 1
disrupt, 1
call, 1
president, 1
held, 1
march, 1
catch, 1
janine, 1
head, 1
innovation, 1
term, 1
suggested, 1
quick, 1
links, 1
terms, 1
jobs, 1
report, 1
month, 1
attraction, 1
gets, 1
green, 1
light, 1
formal, 1
permission, 1
plans, 1
visitor, 1
experience, 1
granted, 1
city, 1
edinburgh, 1
council, 1
planning, 1
edition, 1
inspired, 1
arrived, 1
ahead, 1
april, 1
raise, 1
officially, 1
hits, 1
stores, 1
across, 1
certain, 1
countries, 1
