visit, 38
section, 37
back, 30
healthcare, 18
gsk, 15
global, 15
read, 15
research, 14
corporate, 12
development, 12
us, 11
business, 11
people, 10
share, 10
consumer, 9
products, 9
investors, 9
president, 9
vaccines, 8
menu, 8
information, 8
close, 7
executive, 7
new, 7
price, 7
partnerships, 7
chief, 7
officer, 7
science, 6
contact, 6
pharmaceuticals, 6
governance, 6
reporting, 6
media, 6
health, 6
responsibility, 6
medicines, 5
website, 5
help, 5
partnership, 5
patient, 5
meet, 5
r, 5
dividend, 5
news, 5
announcements, 5
resources, 5
use, 5
search, 4
response, 4
feel, 4
live, 4
team, 4
board, 4
careers, 4
professionals, 4
esprit, 4
analysis, 4
latest, 4
calculator, 4
financial, 4
data, 4
responsible, 4
charitable, 4
united, 4
senior, 4
vice, 4
behind, 3
special, 3
purpose, 3
better, 3
longer, 3
directors, 3
ethics, 3
centre, 3
save, 3
children, 3
develop, 3
areas, 3
keep, 3
supply, 3
students, 3
programmes, 3
programme, 3
activities, 3
annual, 3
general, 3
meeting, 3
quarterly, 3
results, 3
press, 3
releases, 3
improving, 3
globally, 3
operating, 3
uk, 3
group, 3
market, 3
skip, 2
content, 2
explore, 2
inside, 2
operate, 2
company, 2
history, 2
innovative, 2
today, 2
committees, 2
shareholders, 2
act, 2
compliance, 2
standards, 2
comic, 2
relief, 2
tanzania, 2
johari, 2
mother, 2
malaria, 2
next, 2
viiv, 2
joint, 2
everyday, 2
experienced, 2
communications, 2
sales, 2
apprentices, 2
graduates, 2
internships, 2
future, 2
postgraduate, 2
opportunities, 2
commercial, 2
postdoctoral, 2
find, 2
tools, 2
including, 2
shareholder, 2
gbp, 2
usd, 2
calendar, 2
privacy, 2
notice, 2
report, 2
archive, 2
stock, 2
exchange, 2
london, 2
rns, 2
venture, 2
details, 2
performance, 2
ways, 2
resource, 2
focus, 2
rss, 2
date, 2
recent, 2
approach, 2
trials, 2
clinical, 2
access, 2
animals, 2
using, 2
responsibly, 2
policy, 2
human, 2
rights, 2
modern, 2
slavery, 2
environment, 2
reports, 2
trade, 2
scientific, 2
visiting, 2
websites, 2
intended, 2
africa, 2
south, 2
ru, 2
republic, 2
north, 2
pt, 2
kingdom, 2
america, 2
management, 2
cet, 2
ceo, 2
office, 2
strategy, 2
selector, 2
plc, 2
logo, 1
linking, 1
homepage, 1
innovations, 1
outside, 1
labs, 1
entrepreneurs, 1
going, 1
building, 1
brands, 1
creating, 1
present, 1
heritage, 1
archives, 1
policies, 1
codes, 1
key, 1
facts, 1
sierra, 1
leone, 1
ghana, 1
mozambique, 1
greater, 1
mekong, 1
subregion, 1
four, 1
leonard, 1
father, 1
farmer, 1
assistant, 1
nsaje, 1
teacher, 1
two, 1
jacob, 1
communication, 1
patrick, 1
race, 1
handing, 1
baton, 1
generation, 1
overview, 1
trek, 1
kids, 1
baby, 1
mckline, 1
delivery, 1
app, 1
could, 1
lives, 1
humanitarian, 1
crises, 1
giving, 1
mothers, 1
babies, 1
healthier, 1
start, 1
smile, 1
train, 1
broad, 1
range, 1
three, 1
primary, 1
prescription, 1
stiefel, 1
dermatology, 1
experiencing, 1
discomforts, 1
like, 1
sensitive, 1
teeth, 1
colds, 1
flu, 1
pain, 1
enjoy, 1
good, 1
growing, 1
jobs, 1
operations, 1
engineering, 1
manufacturing, 1
marketing, 1
physicians, 1
school, 1
apprentice, 1
work, 1
experience, 1
placements, 1
leaders, 1
graduate, 1
direct, 1
entry, 1
finance, 1
mba, 1
immunology, 1
catalyst, 1
culture, 1
career, 1
benefits, 1
tips, 1
applying, 1
warning, 1
fraudulent, 1
internet, 1
recruitment, 1
employees, 1
various, 1
roles, 1
really, 1
think, 1
working, 1
life, 1
manage, 1
shares, 1
sponsored, 1
nominee, 1
service, 1
asset, 1
reunification, 1
prosearch, 1
faqs, 1
scam, 1
alert, 1
ordinary, 1
analyst, 1
consensus, 1
debt, 1
york, 1
sec, 1
sign, 1
speeches, 1
presentations, 1
agreement, 1
acquire, 1
tesaro, 1
discover, 1
announcement, 1
historical, 1
materials, 1
different, 1
stay, 1
touch, 1
available, 1
useful, 1
prompts, 1
increased, 1
vaccine, 1
social, 1
feeds, 1
image, 1
video, 1
library, 1
improve, 1
many, 1
pipeline, 1
interest, 1
partnering, 1
supported, 1
studies, 1
academic, 1
collaborations, 1
funds, 1
idea, 1
study, 1
register, 1
level, 1
trial, 1
phases, 1
become, 1
volunteer, 1
transparency, 1
compassionate, 1
expanded, 1
medicine, 1
primates, 1
frequently, 1
asked, 1
questions, 1
locations, 1
preparing, 1
disease, 1
threats, 1
pricing, 1
strategies, 1
prevention, 1
awareness, 1
infrastructure, 1
pull, 1
antimicrobial, 1
resistance, 1
benchmark, 1
values, 1
safety, 1
reliable, 1
practices, 1
engaging, 1
force, 1
incentives, 1
public, 1
advocacy, 1
inclusion, 1
diversity, 1
employee, 1
engagement, 1
wellbeing, 1
learning, 1
carbon, 1
water, 1
waste, 1
environmental, 1
stewardship, 1
grants, 1
association, 1
memberships, 1
organisation, 1
funding, 1
millions, 1
unmet, 1
needs, 1
change, 1
expertise, 1
reach, 1
currently, 1
https, 1
subsequent, 1
web, 1
pages, 1
audiences, 1
provided, 1
markets, 1
home, 1
audience, 1
may, 1
align, 1
regulations, 1
algeria, 1
kenya, 1
morocco, 1
nigeria, 1
tunisia, 1
asia, 1
middle, 1
east, 1
bangladesh, 1
cambodia, 1
china, 1
mainland, 1
egypt, 1
hong, 1
kong, 1
macau, 1
india, 1
indonesia, 1
israel, 1
japan, 1
jp, 1
kazakhstan, 1
korea, 1
malaysia, 1
myanmar, 1
pakistan, 1
philippines, 1
saudi, 1
arabia, 1
singapore, 1
sri, 1
lanka, 1
taiwan, 1
zh, 1
thailand, 1
turkey, 1
tr, 1
arab, 1
emirates, 1
vietnam, 1
australasia, 1
australia, 1
zealand, 1
europe, 1
albania, 1
austria, 1
belarus, 1
belgium, 1
bosnia, 1
herzegovina, 1
bulgaria, 1
bg, 1
croatia, 1
cyprus, 1
czech, 1
cs, 1
denmark, 1
estonia, 1
finland, 1
france, 1
fr, 1
germany, 1
greece, 1
hungary, 1
hu, 1
ireland, 1
italy, 1
latvia, 1
lithuania, 1
luxembourg, 1
malta, 1
montenegro, 1
netherlands, 1
nl, 1
macedonia, 1
norway, 1
nb, 1
poland, 1
pl, 1
portugal, 1
romania, 1
ro, 1
russia, 1
serbia, 1
sr, 1
slovakia, 1
sk, 1
slovenia, 1
sl, 1
spain, 1
sweden, 1
sv, 1
switzerland, 1
ukraine, 1
canada, 1
mexico, 1
states, 1
central, 1
argentina, 1
brazil, 1
caribbean, 1
islands, 1
chile, 1
colombia, 1
costa, 1
rica, 1
dominican, 1
ecuador, 1
salvador, 1
guatemala, 1
honduras, 1
jamaica, 1
panama, 1
peru, 1
trinidad, 1
tobago, 1
uruguay, 1
venezuela, 1
assisted, 1
manages, 1
member, 1
specific, 1
part, 1
view, 1
images, 1
high, 1
resolution, 1
flickr, 1
page, 1
dame, 1
emma, 1
walmsley, 1
iain, 1
mackay, 1
dr, 1
barron, 1
roger, 1
connor, 1
diana, 1
conrad, 1
james, 1
ford, 1
counsel, 1
nick, 1
hirons, 1
sally, 1
jackson, 1
brian, 1
mcnamara, 1
luke, 1
miels, 1
david, 1
redfern, 1
regis, 1
simard, 1
chain, 1
karenann, 1
terrell, 1
digital, 1
technology, 1
phil, 1
thomson, 1
affairs, 1
deborah, 1
waterhouse, 1
system, 1
ultimately, 1
accountable, 1
risk, 1
committed, 1
highest, 1
gskpro, 1
quick, 1
links, 1
accessibility, 1
terms, 1
cookie, 1
statement, 1
sitemap, 1
possible, 1
side, 1
effect, 1
supplier, 1
visitors, 1
seeking, 1
worldwide, 1
sites, 1
reached, 1
glaxosmithkline, 1
reserved, 1
marks, 1
owned, 1
licensed, 1
registered, 1
england, 1
wales, 1
great, 1
west, 1
road, 1
brentford, 1
middlesex, 1
