title, 473
path, 472
class, 471
index, 471
showicon, 471
datatype, 463
link, 383
false, 376
section, 228
director, 173
shell, 146
board, 105
executive, 100
business, 98
children, 98
true, 95
view, 91
overview, 83
sustainability, 80
chief, 78
group, 77
global, 70
officer, 69
information, 67
us, 67
bhp, 67
since, 65
energy, 63
committee, 61
member, 59
governance, 58
careers, 57
experience, 57
news, 55
share, 55
level, 55
media, 52
new, 52
data, 52
president, 52
independent, 51
former, 50
back, 47
investors, 47
read, 47
visit, 47
limited, 47
financial, 46
plc, 45
senior, 44
australia, 44
diageo, 44
corporate, 41
communities, 40
operations, 40
search, 40
company, 40
development, 39
people, 38
reporting, 38
gas, 37
chair, 37
biography, 35
leadership, 34
report, 34
change, 34
resources, 34
strategy, 33
solutions, 32
safety, 31
annual, 31
programmes, 31
contact, 31
skip, 30
management, 30
future, 30
results, 30
graduate, 30
innovation, 29
bp, 29
society, 29
directors, 28
technology, 28
privacy, 28
cookies, 28
investor, 27
roles, 27
customers, 26
close, 26
including, 26
menu, 25
dividend, 25
social, 25
policy, 25
africa, 25
appointed, 25
finance, 24
faqs, 24
releases, 24
website, 24
products, 24
programme, 24
responsible, 23
south, 23
held, 23
rio, 23
tinto, 23
brands, 23
world, 22
main, 22
personal, 22
sustainable, 22
health, 22
find, 22
general, 22
window, 22
environment, 22
canada, 22
use, 22
performance, 21
human, 21
centre, 21
mining, 21
debt, 20
site, 20
oil, 20
research, 20
hsbc, 19
services, 19
history, 19
healthcare, 19
prior, 19
shareholder, 18
contacts, 18
career, 18
shareholders, 18
price, 18
approach, 18
capital, 18
team, 18
marketing, 18
years, 18
science, 18
october, 18
january, 18
minerals, 18
north, 18
unilever, 18
banking, 17
climate, 17
risk, 17
opens, 17
chairman, 17
uk, 17
industry, 17
aviation, 17
supply, 17
reports, 17
english, 17
europe, 17
open, 16
cookie, 16
marine, 16
make, 16
april, 16
american, 16
america, 16
navigation, 15
commercial, 15
managing, 15
suppliers, 15
meeting, 15
areas, 15
may, 15
home, 15
international, 15
facebook, 15
carbon, 15
trading, 15
water, 15
projects, 15
role, 15
recent, 15
archive, 15
current, 15
audit, 15
gsk, 15
committees, 14
transparency, 14
notice, 14
chemicals, 14
skills, 14
engineering, 14
content, 13
values, 13
remuneration, 13
working, 13
china, 13
brand, 13
natural, 13
responsibility, 13
rights, 13
legal, 13
astrazeneca, 13
september, 13
operating, 13
vice, 13
british, 13
intern, 13
slavery, 12
latest, 12
asia, 12
work, 12
presentations, 12
diversity, 12
students, 12
graduates, 12
linkedin, 12
statement, 12
technologies, 12
industrial, 12
lubricants, 12
stories, 12
tools, 12
invest, 12
february, 12
joined, 12
united, 12
major, 12
offices, 12
july, 12
corporation, 12
alcohol, 12
tobacco, 12
purpose, 11
announcements, 11
manage, 11
security, 11
page, 11
environmental, 11
first, 11
fleet, 11
process, 11
access, 11
shipping, 11
press, 11
ethics, 11
ceo, 11
march, 11
compliance, 11
operational, 11
directorships, 11
mike, 11
asset, 11
john, 11
iron, 11
ore, 11
full, 11
inclusion, 10
digital, 10
modern, 10
calendar, 10
terms, 10
online, 10
life, 10
meet, 10
job, 10
key, 10
twitter, 10
companies, 10
fuels, 10
shale, 10
standards, 10
filings, 10
east, 10
august, 10
across, 10
consumer, 10
insight, 9
memberships, 9
esg, 9
policies, 9
tax, 9
act, 9
events, 9
regulatory, 9
laura, 9
david, 9
retail, 9
choose, 9
product, 9
technical, 9
petroleum, 9
sales, 9
shares, 9
help, 9
egypt, 9
trinidad, 9
japan, 9
r, 9
partnering, 9
december, 9
extensive, 9
served, 9
partnerships, 9
nominations, 9
go, 8
investment, 8
speeches, 8
value, 8
links, 8
email, 8
catalysts, 8
metals, 8
fuel, 8
bitumen, 8
renewables, 8
community, 8
americas, 8
mexico, 8
india, 8
thailand, 8
preferences, 8
june, 8
set, 8
worldwide, 8
coal, 8
joining, 8
currently, 8
mba, 8
positions, 8
institute, 8
hons, 8
operate, 8
positive, 8
disclosure, 8
directorread, 8
vaccines, 8
type, 8
markets, 7
gallery, 7
conduct, 7
benefits, 7
conditions, 7
next, 7
ambition, 7
partner, 7
time, 7
emissions, 7
youtube, 7
accessibility, 7
progress, 7
expertise, 7
insights, 7
publications, 7
articles, 7
partnership, 7
sulphur, 7
upstream, 7
electricity, 7
formerly, 7
digitalisation, 7
partners, 7
calculator, 7
candidate, 7
resource, 7
professionals, 7
tobago, 7
russia, 7
middle, 7
strategic, 7
medicines, 7
websites, 7
cfo, 7
terry, 7
various, 7
ag, 7
production, 7
gold, 7
copper, 7
susan, 7
dion, 7
pilbara, 7
agm, 7
planet, 7
technicians, 7
businesses, 6
analysis, 6
case, 6
consensus, 6
return, 6
tips, 6
external, 6
see, 6
culture, 6
murray, 6
secretary, 6
rss, 6
oils, 6
right, 6
portfolio, 6
locations, 6
liquefied, 6
lpg, 6
top, 6
entrepreneurs, 6
energies, 6
low, 6
video, 6
improve, 6
madagascar, 6
indonesia, 6
korea, 6
oman, 6
quick, 6
affairs, 6
connect, 6
relations, 6
november, 6
review, 6
part, 6
advisory, 6
nomination, 6
bsc, 6
previously, 6
holdings, 6
equity, 6
market, 6
mines, 6
communications, 6
western, 6
following, 6
johan, 6
drinking, 6
breweries, 6
growth, 6
guinness, 6
caribbean, 6
whisky, 6
chain, 6
engagement, 6
wellbeing, 6
early, 6
zealand, 6
provide, 6
pharmaceuticals, 6
trainee, 6
programs, 6
together, 5
university, 5
green, 5
trade, 5
dividends, 5
structure, 5
get, 5
teams, 5
opportunities, 5
please, 5
sites, 5
learn, 5
promote, 5
success, 5
download, 5
instagram, 5
supplier, 5
library, 5
licensing, 5
transport, 5
power, 5
great, 5
facts, 5
questions, 5
plays, 5
transformation, 5
explore, 5
quarterly, 5
association, 5
royal, 5
week, 5
brazil, 5
republic, 5
中文, 5
mongolia, 5
singapore, 5
sweden, 5
kingdom, 5
scientific, 5
service, 5
agree, 5
live, 5
countries, 5
worked, 5
head, 5
wesfarmers, 5
number, 5
west, 5
orica, 5
computer, 5
ian, 5
council, 5
newmont, 5
christine, 5
infrastructure, 5
bachelor, 5
laws, 5
stefanie, 5
caroline, 5
better, 5
london, 5
edgar, 5
processing, 5
latin, 5
introduction, 5
studies, 5
jobs, 5
richard, 5
weipa, 5
saguenay, 5
bc, 5
works, 5
diavik, 5
oyu, 5
tolgoi, 5
framework, 5
update, 5
standard, 5
hard, 5
riotinto, 5
response, 5
patient, 5
karen, 5
net, 4
zero, 4
bank, 4
archives, 4
experts, 4
economic, 4
investing, 4
credit, 4
different, 4
party, 4
deliver, 4
jack, 4
subscribe, 4
useful, 4
action, 4
support, 4
pay, 4
basket, 4
sitemap, 4
free, 4
everyday, 4
road, 4
sheets, 4
generation, 4
commitment, 4
materials, 4
discover, 4
cleaner, 4
transition, 4
building, 4
ventures, 4
impact, 4
biodiversity, 4
waste, 4
employment, 4
advocacy, 4
estimates, 4
documents, 4
dutch, 4
day, 4
ways, 4
vision, 4
algeria, 4
ghana, 4
nigeria, 4
states, 4
azerbaijan, 4
hong, 4
kong, 4
malaysia, 4
vietnam, 4
belgium, 4
germany, 4
hungary, 4
ireland, 4
poland, 4
portugal, 4
spain, 4
turkey, 4
integrated, 4
plans, 4
available, 4
year, 4
fraud, 4
videos, 4
jump, 4
accountable, 4
counsel, 4
clinical, 4
side, 4
used, 4
using, 4
looking, 4
living, 4
ken, 4
amcor, 4
henry, 4
significant, 4
range, 4
industries, 4
commodity, 4
transurban, 4
malcolm, 4
ltd, 4
xiaoqun, 4
cyber, 4
boards, 4
membership, 4
anita, 4
goldberg, 4
reserve, 4
firm, 4
public, 4
hp, 4
manager, 4
effective, 4
law, 4
holds, 4
ragnar, 4
globally, 4
powerhouse, 4
pacific, 4
spirit, 4
scotch, 4
glass, 4
way, 4
frequently, 4
asked, 4
apply, 4
greater, 4
develop, 4
sir, 4
good, 4
dr, 4
professor, 4
salt, 4
bay, 4
heritage, 4
drive, 4
allow, 4
save, 4
feel, 4
esprit, 4
activities, 4
gbp, 4
usd, 4
improving, 4
charitable, 4
dame, 4
bernard, 4
looney, 4
auchincloss, 4
luc, 4
codes, 3
providing, 3
explained, 3
grow, 3
supporting, 3
making, 3
alerts, 3
coverage, 3
stock, 3
exchange, 3
shareholding, 3
scrip, 3
bonds, 3
features, 3
ratings, 3
chinese, 3
webcast, 3
details, 3
touch, 3
diverse, 3
functions, 3
browser, 3
third, 3
panel, 3
cha, 3
james, 3
jackson, 3
messenger, 3
whatsapp, 3
extra, 3
highlights, 3
helps, 3
raise, 3
led, 3
sectors, 3
electronic, 3
principles, 3
local, 3
well, 3
sector, 3
stewardship, 3
manufacturing, 3
safe, 3
storage, 3
communication, 3
target, 3
lng, 3
deep, 3
shales, 3
centres, 3
towards, 3
nature, 3
contribution, 3
sec, 3
prices, 3
employees, 3
inside, 3
عربى, 3
tanzania, 3
français, 3
chile, 3
español, 3
kazakhstan, 3
macau, 3
한국어, 3
greece, 3
latvia, 3
netherlands, 3
norway, 3
switzerland, 3
ukraine, 3
saudi, 3
arabia, 3
arab, 3
emirates, 3
leaders, 3
past, 3
five, 3
inclusive, 3
adr, 3
image, 3
interest, 3
interests, 3
heart, 3
four, 3
marc, 3
leads, 3
lead, 3
intended, 3
network, 3
medical, 3
trials, 3
effect, 3
glassdoor, 3
users, 3
uses, 3
national, 3
purposes, 3
settings, 3
big, 3
commodities, 3
tailings, 3
recruitment, 3
required, 3
adviser, 3
chem, 3
spanning, 3
bgh, 3
gresham, 3
project, 3
focus, 3
design, 3
labs, 3
msc, 3
trust, 3
conservation, 3
organisation, 3
african, 3
previous, 3
gary, 3
goldcorp, 3
spent, 3
advisor, 3
treasurer, 3
kilsby, 3
acquisitions, 3
england, 3
private, 3
csl, 3
listed, 3
earlier, 3
steel, 3
logistics, 3
queensland, 3
acting, 3
priorities, 3
assets, 3
athalie, 3
geraldine, 3
expansion, 3
variety, 3
vandita, 3
related, 3
metallurgy, 3
school, 3
moët, 3
hennessy, 3
code, 3
today, 3
around, 3
downloads, 3
innovative, 3
champion, 3
pioneer, 3
grain, 3
become, 3
feed, 3
ordinary, 3
offer, 3
advice, 3
internships, 3
procurement, 3
learning, 3
alan, 3
johnnie, 3
walker, 3
game, 3
experienced, 3
nominating, 3
smart, 3
aluminium, 3
borates, 3
diamonds, 3
titanium, 3
smelters, 3
fer, 3
titane, 3
iceland, 3
primary, 3
obligations, 3
simon, 3
provided, 3
collect, 3
relevant, 3
small, 3
addresses, 3
needs, 3
disclosures, 3
ads, 3
behind, 3
special, 3
longer, 3
keep, 3
sign, 3
announcement, 3
pricing, 3
helge, 3
lund, 3
pamela, 3
daley, 3
ann, 3
dowling, 3
melody, 3
meyer, 3
tushar, 3
morzaria, 3
brendan, 3
nelson, 3
paula, 3
rosput, 3
reynolds, 3
richardson, 3
sawers, 3
johannes, 3
teyssen, 3
cadets, 3
presentation, 3
guidance, 3
charting, 3
largest, 2
wealth, 2
responsibilities, 2
becoming, 2
glossary, 2
alumni, 2
sponsorship, 2
timeline, 2
serve, 2
topics, 2
enterprise, 2
analyst, 2
timetable, 2
analytics, 2
total, 2
fixed, 2
income, 2
final, 2
supplements, 2
issuance, 2
call, 2
awards, 2
hire, 2
application, 2
hints, 2
student, 2
account, 2
toggle, 2
leaving, 2
another, 2
note, 2
appear, 2
term, 2
aims, 2
debate, 2
supported, 2
profiles, 2
mark, 2
tucker, 2
noel, 2
quinn, 2
ewen, 2
stevenson, 2
gbm, 2
henri, 2
castries, 2
jamie, 2
forese, 2
steven, 2
guggenheimer, 2
irene, 2
lee, 2
josé, 2
antonio, 2
meade, 2
kuribreña, 2
heidi, 2
miller, 2
eileen, 2
nish, 2
pauline, 2
mohr, 2
aileen, 2
taylor, 2
preferred, 2
tweet, 2
print, 2
detail, 2
feedback, 2
taking, 2
funds, 2
government, 2
cutting, 2
construction, 2
sourcing, 2
order, 2
invoice, 2
licensed, 2
lubricant, 2
auto, 2
truck, 2
handling, 2
asphalt, 2
city, 2
diesel, 2
reducing, 2
hsse, 2
port, 2
maritime, 2
hub, 2
decarbonising, 2
cities, 2
methane, 2
putting, 2
alliance, 2
step, 2
wind, 2
hydrogen, 2
mobility, 2
idea, 2
means, 2
goals, 2
commitments, 2
respecting, 2
employee, 2
reach, 2
voluntary, 2
preventing, 2
cash, 2
buybacks, 2
gains, 2
bg, 2
quarter, 2
rewards, 2
matters, 2
glance, 2
interview, 2
thomas, 2
maintenance, 2
coast, 2
kenya, 2
morocco, 2
tunisia, 2
argentina, 2
colombia, 2
costa, 2
rica, 2
dominican, 2
ecuador, 2
salvador, 2
guatemala, 2
honduras, 2
panama, 2
peru, 2
puerto, 2
rico, 2
uruguay, 2
venezuela, 2
pусский, 2
myanmar, 2
pakistan, 2
philippines, 2
taiwan, 2
albania, 2
austria, 2
bulgaria, 2
cyprus, 2
czech, 2
denmark, 2
estonia, 2
finland, 2
france, 2
italy, 2
lithuania, 2
romania, 2
slovakia, 2
slovenia, 2
iraq, 2
searches, 2
operates, 2
direction, 2
overall, 2
authority, 2
within, 2
published, 2
copy, 2
reviews, 2
briefings, 2
scam, 2
alert, 2
therapy, 2
oncology, 2
immunology, 2
disease, 2
pipeline, 2
patients, 2
cambridge, 2
includes, 2
represents, 2
stakeholders, 2
addition, 2
judgement, 2
challenging, 2
setting, 2
delegated, 2
members, 2
pascal, 2
soriot, 2
dunoyer, 2
deborah, 2
diana, 2
developing, 2
biopharmaceuticals, 2
unit, 2
seeking, 2
country, 2
sponsored, 2
prescription, 2
possible, 2
map, 2
selected, 2
provides, 2
visitors, 2
cancel, 2
continue, 2
material, 2
present, 2
label, 2
warning, 2
integrity, 2
think, 2
supplying, 2
facilities, 2
upcoming, 2
outlook, 2
indigenous, 2
know, 2
charter, 2
beng, 2
packaging, 2
llc, 2
hse, 2
allocation, 2
discipline, 2
chains, 2
pty, 2
australian, 2
footprint, 2
broad, 2
many, 2
clever, 2
ms, 2
ringier, 2
capgemini, 2
infineon, 2
amadeus, 2
supervisory, 2
suisse, 2
geology, 2
anglo, 2
polymetal, 2
blackrock, 2
ivanhoe, 2
endeavour, 2
dealing, 2
croda, 2
recently, 2
deputy, 2
lloyds, 2
victrex, 2
aberdeen, 2
mr, 2
mergers, 2
several, 2
shire, 2
bba, 2
fortune, 2
nhs, 2
goldman, 2
sachs, 2
large, 2
weir, 2
dof, 2
subsea, 2
erm, 2
rail, 2
chc, 2
stockland, 2
medibank, 2
baker, 2
diabetes, 2
applied, 2
stepping, 2
mobile, 2
internet, 2
acer, 2
intel, 2
thermo, 2
fisher, 2
llb, 2
herbert, 2
smith, 2
freehills, 2
specialising, 2
solicitor, 2
appointment, 2
commerce, 2
degree, 2
accountabilities, 2
transactions, 2
court, 2
late, 2
function, 2
base, 2
williams, 2
changed, 2
uranium, 2
hr, 2
workforce, 2
andersen, 2
civil, 2
hsec, 2
slattery, 2
physics, 2
based, 2
increasing, 2
scale, 2
onshore, 2
liquidity, 2
involved, 2
scotland, 2
wales, 2
waio, 2
system, 2
region, 2
phd, 2
extractive, 2
options, 2
melbourne, 2
european, 2
britain, 2
iberia, 2
contributor, 2
thriving, 2
россия, 2
cameroun, 2
seychelles, 2
regional, 2
디아지오코리아, 2
ディアジオ, 2
ジャパン, 2
subsidiary, 2
innovations, 2
explorer, 2
famous, 2
targets, 2
empowerment, 2
preserve, 2
reinventing, 2
stakeholder, 2
model, 2
historical, 2
holders, 2
sell, 2
create, 2
apprentice, 2
ecommerce, 2
popular, 2
flagship, 2
planning, 2
single, 2
malt, 2
collection, 2
thrones, 2
commonplace, 2
foods, 2
refreshment, 2
beauty, 2
ule, 2
jope, 2
graeme, 2
pitkethly, 2
compensation, 2
logo, 2
automation, 2
innovate, 2
artificial, 2
intelligence, 2
dioxide, 2
towns, 2
argyle, 2
dampier, 2
yarwun, 2
bell, 2
boyne, 2
gove, 2
nechako, 2
reservoir, 2
rtft, 2
ioc, 2
isal, 2
qit, 2
myths, 2
nzas, 2
richards, 2
boron, 2
kennecott, 2
jadar, 2
agreements, 2
cultural, 2
land, 2
closure, 2
fact, 2
book, 2
reserves, 2
webcasts, 2
taxes, 2
paid, 2
meetings, 2
dual, 2
communicating, 2
juukan, 2
gorge, 2
panguna, 2
cbg, 2
multimedia, 2
produce, 2
updates, 2
aoindependent, 2
reserved, 2
like, 2
preference, 2
obtained, 2
exception, 2
generally, 2
seek, 2
however, 2
example, 2
sending, 2
answer, 2
query, 2
relationship, 2
except, 2
otherwise, 2
authorised, 2
notified, 2
unsubscribe, 2
instructions, 2
contacting, 2
consent, 2
distinguish, 2
browse, 2
allows, 2
file, 2
letters, 2
numbers, 2
store, 2
contain, 2
transferred, 2
regulate, 2
ip, 2
collected, 2
comply, 2
applicable, 2
exercise, 2
interactions, 2
particular, 2
analyse, 2
stay, 2
advertising, 2
comic, 2
relief, 2
mozambique, 2
johari, 2
mother, 2
two, 2
malaria, 2
app, 2
could, 2
lives, 2
three, 2
viiv, 2
joint, 2
apprentices, 2
postgraduate, 2
postdoctoral, 2
nominee, 2
rns, 2
venture, 2
date, 2
register, 2
animals, 2
responsibly, 2
force, 2
visiting, 2
ru, 2
pt, 2
cet, 2
emma, 2
office, 2
selector, 2
clicking, 2
join, 2
suggestions, 2
unavailable, 2
performing, 2
transforming, 2
castrol, 2
arts, 2
regions, 2
angola, 2
georgia, 2
military, 2
gender, 2
nile, 2
delta, 2
phase, 2
reimagining, 2
tool, 2
economics, 2
notes, 2
definitions, 2
nuclear, 2
newsletter, 2
navigationabout, 2
burrows, 2
became, 2
designate, 2
dimitri, 2
tadeu, 2
marion, 2
holly, 2
savio, 2
darrell, 2
bat, 2
aprreplyretweetfavoritebat, 2
toprimary, 1
tomain, 1
tofooter, 1
founded, 1
organisations, 1
plan, 1
volunteering, 1
fighting, 1
crime, 1
million, 1
views, 1
economists, 1
safer, 1
trillion, 1
factbooks, 1
covered, 1
投資者中文資訊, 1
earnings, 1
release, 1
conference, 1
award, 1
wins, 1
coronavirus, 1
journalists, 1
endless, 1
possibilities, 1
outlooks, 1
build, 1
welcoming, 1
hiring, 1
makes, 1
dropdown, 1
remember, 1
aware, 1
differ, 1
suggest, 1
endorsement, 1
field, 1
clear, 1
text, 1
submit, 1
found, 1
try, 1
openness, 1
delegates, 1
implementation, 1
clients, 1
yes, 1
boring, 1
poorly, 1
written, 1
lacks, 1
complex, 1
thank, 1
appreciate, 1
give, 1
colleagues, 1
fight, 1
advising, 1
ever, 1
sovereign, 1
bond, 1
financing, 1
deal, 1
utilities, 1
reduce, 1
beyond, 1
expand, 1
remove, 1
powering, 1
corner, 1
digitilisation, 1
agenda, 1
transacting, 1
purchase, 1
invoicing, 1
channels, 1
requirements, 1
signature, 1
driven, 1
refinery, 1
equipment, 1
hardware, 1
licensee, 1
dealers, 1
manufacturers, 1
automotive, 1
components, 1
neutral, 1
flying, 1
consultancy, 1
aeroshell, 1
refuel, 1
aircraft, 1
ask, 1
flightpath, 1
exploring, 1
peace, 1
mind, 1
transportation, 1
factsheets, 1
polymer, 1
modified, 1
coloured, 1
roads, 1
airports, 1
heating, 1
fuelsave, 1
gtl, 1
plus, 1
say, 1
agriculture, 1
cost, 1
ownership, 1
vendor, 1
managed, 1
inventory, 1
guide, 1
distributors, 1
brochures, 1
imo, 1
shipcare, 1
dimethylether, 1
dme, 1
thiogro, 1
card, 1
login, 1
freight, 1
colours, 1
scenarios, 1
greenhouse, 1
fair, 1
advantages, 1
floating, 1
tight, 1
competitive, 1
leveraging, 1
drones, 1
capture, 1
scientists, 1
gamechanger, 1
techworks, 1
solution, 1
livewire, 1
startup, 1
engine, 1
electric, 1
vehicle, 1
charging, 1
solar, 1
newsroom, 1
techxplorer, 1
digest, 1
travel, 1
hack, 1
database, 1
transform, 1
others, 1
assessments, 1
circular, 1
economy, 1
plastic, 1
air, 1
quality, 1
education, 1
boosting, 1
economies, 1
entrepreneurship, 1
welfare, 1
registration, 1
evaluation, 1
authorisation, 1
restriction, 1
payments, 1
governments, 1
political, 1
activity, 1
facilitation, 1
evasion, 1
film, 1
outstanding, 1
euro, 1
emtn, 1
fourth, 1
assessed, 1
internship, 1
excel, 1
prepare, 1
stand, 1
resume, 1
talent, 1
agencies, 1
sharief, 1
toib, 1
botswana, 1
burkina, 1
faso, 1
cape, 1
verde, 1
guinea, 1
ivory, 1
reunion, 1
lesotho, 1
mali, 1
mauritius, 1
namibia, 1
senegal, 1
swaziland, 1
uganda, 1
aruba, 1
bahamas, 1
barbados, 1
bolivia, 1
nicaragua, 1
suriname, 1
brunei, 1
bahasa, 1
日本語, 1
қазақша, 1
laos, 1
palau, 1
ไทย, 1
turkmenistan, 1
nederlands, 1
gibraltar, 1
ελληνικά, 1
kosovo, 1
latviešu, 1
luxemburg, 1
deutsch, 1
jordan, 1
kuwait, 1
palestine, 1
qatar, 1
syria, 1
loyalty, 1
duties, 1
authorities, 1
supports, 1
implements, 1
resolutions, 1
supervises, 1
levels, 1
beurden, 1
jessica, 1
uhl, 1
harry, 1
brekelmans, 1
donny, 1
ching, 1
ronan, 1
cassidy, 1
wael, 1
sawan, 1
huibert, 1
vigeveno, 1
downstream, 1
maarten, 1
wetselaar, 1
selection, 1
clipboard, 1
discuss, 1
interested, 1
pdf, 1
printed, 1
ordered, 1
charge, 1
archived, 1
contributing, 1
motorsport, 1
apps, 1
helpline, 1
notices, 1
modify, 1
transformative, 1
therapeutics, 1
cardiovascular, 1
renal, 1
metabolism, 1
respiratory, 1
gothenburg, 1
gaithersburg, 1
visual, 1
broadcast, 1
protection, 1
secrets, 1
successful, 1
hide, 1
ensuring, 1
everything, 1
collectively, 1
exercising, 1
objective, 1
scrutinising, 1
oversight, 1
monitoring, 1
proper, 1
powers, 1
principal, 1
biographies, 1
shown, 1
leif, 1
johansson, 1
philip, 1
broadley, 1
euan, 1
ashley, 1
geneviève, 1
berger, 1
graham, 1
chipchase, 1
michel, 1
demaré, 1
disanzo, 1
layfield, 1
sheri, 1
mccoy, 1
tony, 1
mok, 1
nazneen, 1
rahman, 1
marcus, 1
wallenberg, 1
body, 1
exercises, 1
constructive, 1
challenge, 1
approval, 1
katarina, 1
ageborg, 1
ab, 1
pam, 1
cheng, 1
ruud, 1
dobber, 1
fredrickson, 1
menelas, 1
pangalos, 1
jeff, 1
pott, 1
iskra, 1
reic, 1
leon, 1
wang, 1
located, 1
veeva, 1
id, 1
externally, 1
hcps, 1
assistance, 1
azethics, 1
concern, 1
guidelines, 1
utility, 1
maintained, 1
solely, 1
contents, 1
encourage, 1
every, 1
click, 1
proceed, 1
important, 1
historic, 1
reference, 1
reflect, 1
knowledge, 1
source, 1
efficacy, 1
refer, 1
approved, 1
smpc, 1
contained, 1
disagree, 1
continued, 1
accept, 1
thinkers, 1
owner, 1
prospects, 1
vital, 1
peoples, 1
megamenu, 1
hold, 1
outlined, 1
put, 1
priority, 1
functionally, 1
excellent, 1
mackenzie, 1
fiea, 1
faicd, 1
deeply, 1
gained, 1
segments, 1
developed, 1
emerging, 1
securities, 1
adamantem, 1
mckinsey, 1
bowen, 1
bacct, 1
fcpa, 1
diversified, 1
included, 1
chairing, 1
divisions, 1
coles, 1
landmark, 1
navitas, 1
eagles, 1
football, 1
club, 1
opera, 1
incorporated, 1
broomhead, 1
running, 1
halcrow, 1
mim, 1
peko, 1
wallsend, 1
walter, 1
eliza, 1
hall, 1
asciano, 1
coates, 1
belt, 1
diploma, 1
software, 1
sap, 1
applications, 1
serves, 1
administrative, 1
cornelsen, 1
nuremberg, 1
decisions, 1
luxnova, 1
gmbh, 1
maxingvest, 1
allianz, 1
elementar, 1
versicherungs, 1
lebensversicherungs, 1
deindeal, 1
cockerill, 1
mineral, 1
amp, 1
oxford, 1
templeton, 1
college, 1
initially, 1
trained, 1
geologist, 1
fields, 1
anglogold, 1
ashanti, 1
botswanan, 1
ngo, 1
initiatives, 1
inc, 1
petmin, 1
hummingbird, 1
frew, 1
mres, 1
northumbrian, 1
bs, 1
producers, 1
merged, 1
forum, 1
governors, 1
becon, 1
emea, 1
multiple, 1
takeover, 1
keurig, 1
mountain, 1
hbc, 1
mogford, 1
majority, 1
focused, 1
investee, 1
amromco, 1
white, 1
rose, 1
llp, 1
retired, 1
midstates, 1
helicopters, 1
bbus, 1
valuable, 1
transformational, 1
gasnet, 1
unlisted, 1
investments, 1
colonial, 1
state, 1
weisler, 1
computing, 1
honorary, 1
doctor, 1
remained, 1
lenovo, 1
groups, 1
telstra, 1
conferencing, 1
collaboration, 1
wilkinson, 1
llm, 1
overy, 1
fellow, 1
lamont, 1
bcomm, 1
biotech, 1
multinational, 1
oz, 1
paperlinx, 1
incitec, 1
deakin, 1
chartered, 1
accountants, 1
executives, 1
cox, 1
bcl, 1
internal, 1
disputes, 1
investigations, 1
canadian, 1
osler, 1
hoskin, 1
harcourt, 1
clerked, 1
judges, 1
alberta, 1
appeal, 1
queen, 1
bench, 1
udd, 1
bappsc, 1
meng, 1
brings, 1
strong, 1
mitsubishi, 1
bma, 1
realigned, 1
reduced, 1
costs, 1
refocused, 1
resourcing, 1
accenture, 1
consulting, 1
tyler, 1
starting, 1
pit, 1
underground, 1
olympic, 1
dam, 1
operation, 1
polymetallic, 1
orebodies, 1
producing, 1
silver, 1
remote, 1
staff, 1
cannington, 1
ekati, 1
diamond, 1
newcrest, 1
mount, 1
isa, 1
exploration, 1
complexity, 1
commenced, 1
fulfilled, 1
period, 1
leading, 1
offshore, 1
fpso, 1
master, 1
pant, 1
bcom, 1
administration, 1
asian, 1
female, 1
structural, 1
last, 1
undertook, 1
mandates, 1
crisis, 1
balance, 1
sheet, 1
abn, 1
amro, 1
bnp, 1
paribas, 1
delhi, 1
indian, 1
iim, 1
basto, 1
laude, 1
distinction, 1
nickel, 1
metallurgical, 1
wa, 1
include, 1
hubs, 1
connected, 1
kilometres, 1
northern, 1
escondida, 1
jaarsveld, 1
mcom, 1
eng, 1
newly, 1
elevated, 1
divestments, 1
securing, 1
barrick, 1
blackstone, 1
masters, 1
chemical, 1
stellenbosch, 1
warnings, 1
loading, 1
player, 1
accesskey, 1
footer, 1
businessour, 1
irish, 1
наша, 1
команда, 1
алкоголь, 1
общество, 1
financials, 1
건전음주, 1
문화, 1
연락처, 1
私たちの文化, 1
arrangements, 1
places, 1
brandsour, 1
iconic, 1
achievements, 1
drinkiq, 1
drink, 1
driving, 1
tackling, 1
underage, 1
celebrating, 1
moderation, 1
women, 1
shaping, 1
accelerate, 1
restoring, 1
materiality, 1
environments, 1
rankings, 1
medianews, 1
investorsinvestors, 1
dynamics, 1
geographic, 1
breadth, 1
careerscareers, 1
everyone, 1
opportunity, 1
javier, 1
ferrán, 1
ivan, 1
menezes, 1
kathryn, 1
mikells, 1
melissa, 1
bethell, 1
valérie, 1
manzoni, 1
nicola, 1
mendelsohn, 1
stewart, 1
ireena, 1
vittal, 1
siobhán, 1
moriarty, 1
disrupt, 1
catch, 1
janine, 1
suggested, 1
month, 1
attraction, 1
gets, 1
light, 1
formal, 1
permission, 1
visitor, 1
granted, 1
edinburgh, 1
edition, 1
inspired, 1
arrived, 1
ahead, 1
officially, 1
hits, 1
stores, 1
certain, 1
location, 1
container, 1
inspire, 1
exceptional, 1
glanceour, 1
compass, 1
strategyour, 1
approachour, 1
leadershipthe, 1
logoour, 1
happening, 1
covering, 1
insightscovid, 1
responsepress, 1
releasessign, 1
releasesvideo, 1
libraryglobal, 1
journey, 1
ingredients, 1
protect, 1
regenerate, 1
nutrition, 1
respect, 1
position, 1
ontake, 1
ambitious, 1
usbecoming, 1
supplierterms, 1
conditionssupplier, 1
widely, 1
recognised, 1
employer, 1
careersexperienced, 1
careerswhy, 1
unileverfind, 1
dedicated, 1
understanding, 1
accounts, 1
sustainabilityfinancial, 1
faq, 1
burger, 1
companycurrent, 1
drives, 1
guides, 1
conny, 1
braams, 1
engel, 1
hanneke, 1
faber, 1
fabian, 1
garcia, 1
sunny, 1
jain, 1
sanjiv, 1
mehta, 1
hindustan, 1
leena, 1
nair, 1
nitin, 1
paranjpe, 1
slater, 1
ritva, 1
sotamaa, 1
kulve, 1
nils, 1
judith, 1
hartmann, 1
andrea, 1
jung, 1
strive, 1
masiyiwa, 1
rishton, 1
feike, 1
sijbesma, 1
youngme, 1
moon, 1
always, 1
windowtwitter, 1
windowlinkedin, 1
windowinstagram, 1
specialist, 1
headquarters, 1
vulnerability, 1
windowprivacy, 1
windowsitemap, 1
windowrss, 1
cars, 1
phones, 1
turbines, 1
household, 1
crops, 1
essential, 1
abundant, 1
earth, 1
raw, 1
refineries, 1
leave, 1
lasting, 1
legacy, 1
everywhere, 1
stewards, 1
seriously, 1
aim, 1
superior, 1
returns, 1
safeguarding, 1
wider, 1
reflects, 1
curious, 1
creative, 1
minds, 1
bring, 1
perspectives, 1
thompsonchairmanread, 1
jakob, 1
stausholmchief, 1
executiveread, 1
megan, 1
clark, 1
acindependent, 1
hinda, 1
gharbiindependent, 1
henryindependent, 1
sam, 1
laidlawindependent, 1
michael, 1
mckeon, 1
jennifer, 1
nasonindependent, 1
ngaire, 1
woods, 1
cbeindependent, 1
confirm, 1
continuing, 1
would, 1
consider, 1
opting, 1
line, 1
happy, 1
follow, 1
indicate, 1
contains, 1
additional, 1
appendices, 1
transfers, 1
subject, 1
complaints, 1
obtain, 1
relating, 1
functional, 1
user, 1
measuring, 1
remembering, 1
language, 1
playback, 1
usage, 1
evaluate, 1
often, 1
long, 1
issues, 1
whilst, 1
inform, 1
personalised, 1
devices, 1
facilitate, 1
sharing, 1
networks, 1
recording, 1
changes, 1
linking, 1
homepage, 1
outside, 1
going, 1
creating, 1
sierra, 1
leone, 1
mekong, 1
subregion, 1
leonard, 1
father, 1
farmer, 1
assistant, 1
nsaje, 1
teacher, 1
jacob, 1
patrick, 1
race, 1
handing, 1
baton, 1
trek, 1
kids, 1
baby, 1
mckline, 1
delivery, 1
humanitarian, 1
crises, 1
giving, 1
mothers, 1
babies, 1
healthier, 1
start, 1
smile, 1
train, 1
stiefel, 1
dermatology, 1
experiencing, 1
discomforts, 1
sensitive, 1
teeth, 1
colds, 1
flu, 1
pain, 1
enjoy, 1
growing, 1
physicians, 1
placements, 1
direct, 1
entry, 1
catalyst, 1
applying, 1
fraudulent, 1
really, 1
reunification, 1
prosearch, 1
york, 1
agreement, 1
acquire, 1
tesaro, 1
prompts, 1
increased, 1
vaccine, 1
feeds, 1
academic, 1
collaborations, 1
study, 1
trial, 1
phases, 1
volunteer, 1
compassionate, 1
expanded, 1
medicine, 1
primates, 1
preparing, 1
threats, 1
strategies, 1
prevention, 1
awareness, 1
pull, 1
antimicrobial, 1
resistance, 1
benchmark, 1
reliable, 1
practices, 1
engaging, 1
incentives, 1
grants, 1
funding, 1
millions, 1
unmet, 1
https, 1
subsequent, 1
web, 1
pages, 1
audiences, 1
audience, 1
align, 1
regulations, 1
bangladesh, 1
cambodia, 1
mainland, 1
israel, 1
jp, 1
sri, 1
lanka, 1
zh, 1
tr, 1
australasia, 1
belarus, 1
bosnia, 1
herzegovina, 1
croatia, 1
cs, 1
fr, 1
hu, 1
luxembourg, 1
malta, 1
montenegro, 1
nl, 1
macedonia, 1
nb, 1
pl, 1
ro, 1
serbia, 1
sr, 1
sk, 1
sl, 1
sv, 1
central, 1
islands, 1
jamaica, 1
assisted, 1
manages, 1
specific, 1
images, 1
high, 1
resolution, 1
flickr, 1
walmsley, 1
iain, 1
mackay, 1
barron, 1
roger, 1
connor, 1
conrad, 1
ford, 1
nick, 1
hirons, 1
sally, 1
brian, 1
mcnamara, 1
luke, 1
miels, 1
redfern, 1
regis, 1
simard, 1
karenann, 1
terrell, 1
phil, 1
thomson, 1
waterhouse, 1
ultimately, 1
committed, 1
highest, 1
gskpro, 1
reached, 1
glaxosmithkline, 1
marks, 1
owned, 1
registered, 1
brentford, 1
middlesex, 1
traffic, 1
enable, 1
show, 1
individually, 1
bypass, 1
launch, 1
event, 1
active, 1
gordon, 1
birrell, 1
giulia, 1
chierchia, 1
delaney, 1
kerry, 1
dryburgh, 1
eyton, 1
carol, 1
howle, 1
william, 1
lin, 1
geoff, 1
morrell, 1
eric, 1
nitcher, 1
dev, 1
sanyal, 1
aral, 1
ampm, 1
amoco, 1
wild, 1
bean, 1
cafe, 1
ww, 1
century, 1
millennium, 1
expectations, 1
paralympic, 1
alpine, 1
fund, 1
advanced, 1
interviews, 1
scholarship, 1
learnership, 1
apprenticeships, 1
boost, 1
virtual, 1
leavers, 1
accelerator, 1
pscm, 1
subsurface, 1
wells, 1
placement, 1
mpp, 1
contingent, 1
workers, 1
launchpad, 1
agility, 1
pune, 1
slovak, 1
background, 1
ethnicity, 1
flexible, 1
refining, 1
marker, 1
margin, 1
alligin, 1
angelin, 1
constellation, 1
gulf, 1
culzean, 1
giza, 1
fayoum, 1
clair, 1
ridge, 1
flank, 1
b, 1
thunder, 1
horse, 1
northwest, 1
shah, 1
deniz, 1
stage, 1
atoll, 1
zohr, 1
khazzan, 1
juniper, 1
persephone, 1
quad, 1
compression, 1
taurus, 1
libra, 1
evoting, 1
poll, 1
statements, 1
edelivery, 1
payment, 1
taxation, 1
cgt, 1
listing, 1
issue, 1
lost, 1
beneficial, 1
form, 1
inthistogether, 1
protecting, 1
strengthening, 1
resilience, 1
keeping, 1
makeyourmask, 1
ideas, 1
incubation, 1
comment, 1
getting, 1
ghg, 1
measurement, 1
livelihoods, 1
caring, 1
circularity, 1
accountability, 1
task, 1
messages, 1
backdrop, 1
buildings, 1
hydro, 1
comparisons, 1
crudes, 1
statistical, 1
hydroelectricity, 1
renewable, 1
explanatory, 1
methodology, 1
contributors, 1
spencer, 1
dale, 1
peak, 1
demand, 1
illustrated, 1
overlay, 1
interactive, 1
commentary, 1
move, 1
forward, 1
receive, 1
regular, 1
notification, 1
copyright, 1
disclaimer, 1
delayed, 1
minutes, 1
delivered, 1
investis, 1
navigationgeneral, 1
navigationhomesustainability, 1
navigationmain, 1
usour, 1
productshow, 1
workour, 1
structured, 1
least, 1
half, 1
excluding, 1
made, 1
relationships, 1
materially, 1
interfere, 1
affect, 1
retire, 1
jobin, 1
succeed, 1
conclusion, 1
panayotopoulos, 1
bowles, 1
marroco, 1
farr, 1
guerra, 1
helmes, 1
keller, 1
koeppel, 1
kwan, 1
navigationsub, 1
uswe, 1
batour, 1
strategya, 1
approachpeople, 1
culturemeet, 1
boardmain, 1
boardmanagement, 1
boardcorporate, 1
governancepolicies, 1
standardsour, 1
mclarenour, 1
breadcrumbbreadcrumbhome, 1
tweets, 1
batplcwe, 1
launched, 1
adult, 1
smokers, 1
vapers, 1
answers, 1
common, 1
vaping, 1
batplcgreat, 1
front, 1
endsconference, 1
imolagpp, 1
aprreplyretweetfavorite, 1
apr, 1
globe, 1
house, 1
temple, 1
place, 1
max, 1
xlarge, 1
medium, 1
