hsbc, 19
new, 18
window, 17
back, 16
overview, 16
banking, 14
media, 13
share, 13
open, 13
close, 12
independent, 11
director, 11
group, 10
skip, 9
go, 8
investors, 8
news, 8
careers, 8
insight, 7
strategy, 7
climate, 7
find, 7
investor, 7
online, 7
facebook, 7
navigation, 6
menu, 6
main, 6
governance, 6
board, 6
esg, 6
business, 6
opens, 6
financial, 5
section, 5
customers, 5
read, 5
search, 5
page, 5
visit, 5
values, 4
directors, 4
sustainability, 4
history, 4
information, 4
results, 4
contacts, 4
social, 4
chief, 4
linkedin, 4
download, 4
basket, 4
content, 3
purpose, 3
businesses, 3
personal, 3
global, 3
leadership, 3
finance, 3
people, 3
communities, 3
responsible, 3
latest, 3
green, 3
trade, 3
investment, 3
events, 3
announcements, 3
terms, 3
us, 3
life, 3
areas, 3
link, 3
executive, 3
email, 3
messenger, 3
whatsapp, 3
services, 2
wealth, 2
commercial, 2
markets, 2
senior, 2
management, 2
sustainable, 2
innovation, 2
risk, 2
digital, 2
gallery, 2
reporting, 2
policies, 2
making, 2
alerts, 2
case, 2
investing, 2
annual, 2
shareholder, 2
dividend, 2
fixed, 2
income, 2
bonds, 2
faqs, 2
get, 2
releases, 2
speeches, 2
career, 2
development, 2
teams, 2
hire, 2
students, 2
graduates, 2
graduate, 2
opportunities, 2
student, 2
different, 2
contact, 2
account, 2
please, 2
site, 2
website, 2
conditions, 2
privacy, 2
sites, 2
security, 2
panel, 2
promote, 2
mark, 2
tucker, 2
noel, 2
quinn, 2
ewen, 2
stevenson, 2
laura, 2
cha, 2
gbm, 2
henri, 2
castries, 2
james, 2
jamie, 2
forese, 2
steven, 2
guggenheimer, 2
irene, 2
lee, 2
josé, 2
antonio, 2
meade, 2
kuribreña, 2
heidi, 2
miller, 2
eileen, 2
murray, 2
david, 2
nish, 2
jackson, 2
jack, 2
pauline, 2
mohr, 2
aileen, 2
taylor, 2
officer, 2
ambition, 2
tweet, 2
twitter, 2
print, 2
rss, 2
useful, 2
feedback, 2
taking, 2
view, 2
uk, 2
notice, 2
toprimary, 1
tomain, 1
tofooter, 1
founded, 1
world, 1
largest, 1
organisations, 1
committees, 1
responsibilities, 1
corporate, 1
codes, 1
remuneration, 1
providing, 1
solutions, 1
becoming, 1
net, 1
zero, 1
bank, 1
plan, 1
explained, 1
glossary, 1
memberships, 1
inclusion, 1
grow, 1
together, 1
supporting, 1
university, 1
volunteering, 1
alumni, 1
sponsorship, 1
timeline, 1
archives, 1
conduct, 1
tax, 1
transparency, 1
fighting, 1
crime, 1
managing, 1
health, 1
safety, 1
working, 1
suppliers, 1
modern, 1
slavery, 1
act, 1
serve, 1
million, 1
views, 1
experts, 1
analysis, 1
economists, 1
topics, 1
asia, 1
economic, 1
enterprise, 1
future, 1
work, 1
safer, 1
trillion, 1
performance, 1
dividends, 1
factbooks, 1
structure, 1
consensus, 1
analyst, 1
coverage, 1
calendar, 1
stock, 1
exchange, 1
report, 1
presentations, 1
manage, 1
shareholding, 1
timetable, 1
scrip, 1
general, 1
meeting, 1
analytics, 1
total, 1
return, 1
final, 1
supplements, 1
issuance, 1
programmes, 1
covered, 1
regulatory, 1
debt, 1
features, 1
credit, 1
ratings, 1
chinese, 1
投資者中文資訊, 1
earnings, 1
release, 1
webcast, 1
conference, 1
call, 1
details, 1
award, 1
wins, 1
coronavirus, 1
awards, 1
journalists, 1
touch, 1
endless, 1
possibilities, 1
diverse, 1
outlooks, 1
build, 1
meet, 1
welcoming, 1
diversity, 1
benefits, 1
operations, 1
technology, 1
functions, 1
job, 1
key, 1
hiring, 1
application, 1
hints, 1
tips, 1
makes, 1
toggle, 1
dropdown, 1
remember, 1
leaving, 1
aware, 1
external, 1
another, 1
may, 1
differ, 1
policy, 1
next, 1
browser, 1
note, 1
third, 1
party, 1
suggest, 1
endorsement, 1
learn, 1
appear, 1
field, 1
clear, 1
text, 1
submit, 1
see, 1
found, 1
try, 1
term, 1
home, 1
aims, 1
success, 1
deliver, 1
value, 1
shareholders, 1
culture, 1
openness, 1
debate, 1
delegates, 1
implementation, 1
supported, 1
committee, 1
links, 1
profiles, 1
chairman, 1
company, 1
secretary, 1
preferred, 1
international, 1
partner, 1
clients, 1
subscribe, 1
yes, 1
boring, 1
poorly, 1
written, 1
lacks, 1
detail, 1
complex, 1
thank, 1
appreciate, 1
time, 1
give, 1
action, 1
extra, 1
support, 1
colleagues, 1
environmental, 1
highlights, 1
helps, 1
raise, 1
funds, 1
fight, 1
change, 1
advising, 1
government, 1
first, 1
ever, 1
sovereign, 1
bond, 1
cutting, 1
carbon, 1
companies, 1
led, 1
financing, 1
deal, 1
pay, 1
sectors, 1
including, 1
construction, 1
utilities, 1
reduce, 1
emissions, 1
china, 1
beyond, 1
expand, 1
remove, 1
instagram, 1
youtube, 1
cookie, 1
accessibility, 1
sitemap, 1
