data, 28
cookies, 23
communities, 22
rio, 19
tinto, 19
privacy, 16
personal, 16
operations, 15
us, 14
sustainability, 13
information, 13
website, 12
canada, 11
use, 10
invest, 9
board, 8
iron, 8
ore, 8
news, 8
report, 8
directorread, 8
main, 7
menu, 7
company, 7
financial, 7
debt, 7
shareholder, 7
governance, 7
site, 7
australia, 6
pilbara, 6
environment, 6
performance, 6
annual, 6
careers, 6
work, 6
process, 6
business, 5
products, 5
weipa, 5
saguenay, 5
bc, 5
works, 5
diavik, 5
madagascar, 5
oyu, 5
tolgoi, 5
social, 5
climate, 5
change, 5
rights, 5
reports, 5
reporting, 5
corporate, 5
standard, 5
hard, 5
riotinto, 5
cookie, 5
choose, 5
provide, 5
innovation, 4
directors, 4
salt, 4
bay, 4
minerals, 4
mongolia, 4
human, 4
share, 4
structure, 4
faqs, 4
releases, 4
update, 4
media, 4
manage, 4
preferences, 4
policy, 4
email, 4
experience, 4
drive, 4
computer, 4
laws, 4
processing, 4
smart, 3
mining, 3
aluminium, 3
copper, 3
borates, 3
diamonds, 3
titanium, 3
smelters, 3
fer, 3
titane, 3
iceland, 3
new, 3
zealand, 3
south, 3
africa, 3
projects, 3
approach, 3
health, 3
safety, 3
wellbeing, 3
development, 3
water, 3
modern, 3
slavery, 3
act, 3
ethics, 3
compliance, 3
transparency, 3
value, 3
investors, 3
companies, 3
shareholders, 3
stories, 3
used, 3
see, 3
obligations, 3
simon, 3
agree, 3
following, 3
improve, 3
part, 3
strategy, 2
growth, 2
history, 2
automation, 2
partnering, 2
innovate, 2
artificial, 2
intelligence, 2
executive, 2
committee, 2
dioxide, 2
towns, 2
services, 2
argyle, 2
dampier, 2
yarwun, 2
bell, 2
boyne, 2
ltd, 2
gove, 2
nechako, 2
reservoir, 2
rtft, 2
ioc, 2
isal, 2
qit, 2
myths, 2
facts, 2
nzas, 2
richards, 2
boron, 2
kennecott, 2
jadar, 2
marine, 2
logistics, 2
people, 2
community, 2
agreements, 2
expertise, 2
cultural, 2
heritage, 2
economic, 2
biodiversity, 2
land, 2
industrial, 2
tailings, 2
closure, 2
industry, 2
association, 2
disclosure, 2
chain, 2
cyber, 2
security, 2
policies, 2
standards, 2
results, 2
production, 2
consensus, 2
estimates, 2
fact, 2
book, 2
resources, 2
reserves, 2
regulatory, 2
filings, 2
presentations, 2
webcasts, 2
pay, 2
equity, 2
taxes, 2
paid, 2
calendar, 2
price, 2
tools, 2
general, 2
meetings, 2
dividends, 2
dual, 2
listed, 2
contacts, 2
framework, 2
committees, 2
risk, 2
management, 2
communicating, 2
juukan, 2
gorge, 2
panguna, 2
cbg, 2
multimedia, 2
gallery, 2
available, 2
jobs, 2
career, 2
areas, 2
graduates, 2
students, 2
search, 2
produce, 2
steel, 2
world, 2
metals, 2
countries, 2
make, 2
mines, 2
integrated, 2
commitment, 2
latest, 2
including, 2
discover, 2
aoindependent, 2
provided, 2
obtained, 2
exception, 2
generally, 2
seek, 2
collect, 2
however, 2
example, 2
sending, 2
answer, 2
query, 2
relevant, 2
relationship, 2
purposes, 2
except, 2
required, 2
meet, 2
legal, 2
otherwise, 2
authorised, 2
law, 2
notified, 2
subscribe, 2
communications, 2
unsubscribe, 2
time, 2
instructions, 2
contacting, 2
consent, 2
uses, 2
distinguish, 2
users, 2
helps, 2
good, 2
browse, 2
allows, 2
small, 2
file, 2
letters, 2
numbers, 2
store, 2
browser, 2
contain, 2
transferred, 2
regulate, 2
ip, 2
addresses, 2
collected, 2
needs, 2
comply, 2
applicable, 2
statement, 2
interactions, 2
particular, 2
advertising, 2
ads, 2
cars, 1
phones, 1
wind, 1
turbines, 1
set, 1
household, 1
crops, 1
feed, 1
operating, 1
around, 1
materials, 1
essential, 1
progress, 1
abundant, 1
earth, 1
primary, 1
raw, 1
material, 1
refineries, 1
well, 1
sales, 1
offices, 1
centres, 1
research, 1
labs, 1
region, 1
western, 1
portfolio, 1
assets, 1
network, 1
leave, 1
lasting, 1
positive, 1
legacy, 1
everywhere, 1
stewards, 1
seriously, 1
aim, 1
deliver, 1
superior, 1
returns, 1
safeguarding, 1
meeting, 1
wider, 1
society, 1
reflects, 1
view, 1
get, 1
updates, 1
employees, 1
life, 1
looking, 1
curious, 1
creative, 1
minds, 1
bring, 1
different, 1
perspectives, 1
home, 1
thompsonchairmanread, 1
jakob, 1
stausholmchief, 1
executiveread, 1
megan, 1
clark, 1
acindependent, 1
hinda, 1
gharbiindependent, 1
henryindependent, 1
sam, 1
laidlawindependent, 1
michael, 1
mckeon, 1
jennifer, 1
nasonindependent, 1
ngaire, 1
woods, 1
cbeindependent, 1
twitter, 1
facebook, 1
instagram, 1
youtube, 1
linkedin, 1
contact, 1
suppliers, 1
accessibility, 1
terms, 1
conditions, 1
reserved, 1
confirm, 1
continuing, 1
would, 1
like, 1
consider, 1
opting, 1
line, 1
may, 1
happy, 1
please, 1
follow, 1
link, 1
indicate, 1
preference, 1
online, 1
explained, 1
contains, 1
provides, 1
overview, 1
additional, 1
appendices, 1
disclosures, 1
transfers, 1
exercise, 1
subject, 1
complaints, 1
obtain, 1
relating, 1
functional, 1
better, 1
user, 1
measuring, 1
content, 1
remembering, 1
settings, 1
language, 1
video, 1
playback, 1
allow, 1
analyse, 1
usage, 1
order, 1
evaluate, 1
help, 1
know, 1
often, 1
long, 1
stay, 1
issues, 1
whilst, 1
inform, 1
serve, 1
personalised, 1
devices, 1
based, 1
interests, 1
facilitate, 1
sharing, 1
networks, 1
recording, 1
save, 1
changes, 1
