shell, 146
view, 84
energy, 42
sustainability, 36
business, 32
solutions, 29
gas, 28
change, 25
future, 24
careers, 23
customers, 19
information, 19
us, 15
innovation, 15
safety, 14
news, 14
aviation, 14
data, 13
marine, 13
chemicals, 13
english, 13
oil, 12
technology, 12
reporting, 12
fleet, 11
lubricants, 11
media, 11
natural, 11
share, 11
investors, 11
faqs, 11
contact, 10
find, 10
shale, 10
dividend, 10
report, 9
technologies, 9
releases, 9
fuels, 9
social, 9
trading, 9
make, 9
job, 9
executive, 9
global, 8
suppliers, 8
catalysts, 8
services, 8
brand, 8
fuel, 8
bitumen, 8
chief, 8
governance, 8
reports, 8
results, 8
annual, 8
environment, 7
access, 7
performance, 7
sulphur, 7
supply, 7
environmental, 7
officer, 7
renewables, 7
new, 7
approach, 7
communities, 7
retail, 6
industrial, 6
oils, 6
publications, 6
articles, 6
commercial, 6
stories, 6
liquefied, 6
lpg, 6
top, 6
role, 6
electricity, 6
energies, 6
digitalisation, 6
transparency, 6
filings, 6
shareholders, 6
candidate, 6
europe, 6
leadership, 6
licensing, 5
petroleum, 5
tools, 5
projects, 5
plays, 5
entrepreneurs, 5
formerly, 5
tax, 5
board, 5
debt, 5
resource, 5
centre, 5
committee, 5
director, 5
general, 4
management, 4
health, 4
resources, 4
industry, 4
product, 4
carbon, 4
speeches, 4
benefits, 4
sheets, 4
transport, 4
cleaner, 4
programme, 4
royal, 4
dutch, 4
plc, 4
vision, 4
marketing, 4
africa, 4
americas, 4
middle, 4
east, 4
home, 3
free, 3
local, 3
sector, 3
products, 3
experts, 3
power, 3
technical, 3
sales, 3
operations, 3
shipping, 3
learn, 3
transition, 3
climate, 3
target, 3
emissions, 3
lng, 3
shales, 3
digital, 3
standards, 3
working, 3
human, 3
invest, 3
announcements, 3
directors, 3
corporate, 3
financial, 3
search, 3
tips, 3
help, 3
عربى, 3
south, 3
français, 3
united, 3
中文, 3
indonesia, 3
oman, 3
values, 3
major, 3
strategy, 2
progress, 2
terms, 2
conditions, 2
electronic, 2
privacy, 2
people, 2
security, 2
choose, 2
expertise, 2
insights, 2
lubricant, 2
process, 2
stewardship, 2
auto, 2
truck, 2
right, 2
manufacturing, 2
locations, 2
handling, 2
everyday, 2
life, 2
asphalt, 2
road, 2
diesel, 2
extra, 2
storage, 2
policy, 2
upstream, 2
decarbonising, 2
great, 2
together, 2
water, 2
first, 2
towards, 2
explore, 2
means, 2
commitments, 2
policies, 2
impact, 2
respecting, 2
nature, 2
waste, 2
community, 2
rights, 2
voluntary, 2
esg, 2
ratings, 2
contribution, 2
uk, 2
investor, 2
presentations, 2
cash, 2
calculator, 2
prices, 2
documents, 2
meeting, 2
association, 2
matters, 2
world, 2
graduate, 2
interview, 2
students, 2
graduates, 2
online, 2
ways, 2
maintenance, 2
egypt, 2
canada, 2
republic, 2
puerto, 2
rico, 2
china, 2
hong, 2
kong, 2
japan, 2
kazakhstan, 2
pусский, 2
macau, 2
korea, 2
thailand, 2
belgium, 2
greece, 2
latvia, 2
switzerland, 2
company, 2
saudi, 2
arabia, 2
searches, 2
published, 2
past, 2
five, 2
years, 2
facebook, 2
twitter, 2
linkedin, 2
copy, 2
connect, 2
cookie, 2
skip, 1
main, 1
content, 1
menu, 1
powering, 1
businesses, 1
corner, 1
digitilisation, 1
agenda, 1
explained, 1
sourcing, 1
transacting, 1
purchase, 1
order, 1
invoicing, 1
channels, 1
invoice, 1
requirements, 1
signature, 1
statement, 1
supplier, 1
principles, 1
driven, 1
visit, 1
website, 1
licensed, 1
refinery, 1
equipment, 1
hardware, 1
library, 1
subscribe, 1
becoming, 1
licensee, 1
grow, 1
well, 1
dealers, 1
manufacturers, 1
automotive, 1
components, 1
metals, 1
neutral, 1
time, 1
flying, 1
consultancy, 1
aeroshell, 1
refuel, 1
aircraft, 1
ask, 1
flightpath, 1
exploring, 1
peace, 1
mind, 1
portfolio, 1
safe, 1
transportation, 1
factsheets, 1
polymer, 1
modified, 1
coloured, 1
roads, 1
airports, 1
city, 1
heating, 1
fuelsave, 1
gtl, 1
plus, 1
say, 1
construction, 1
generation, 1
agriculture, 1
reducing, 1
total, 1
cost, 1
ownership, 1
price, 1
risk, 1
vendor, 1
managed, 1
inventory, 1
hsse, 1
commitment, 1
port, 1
guide, 1
distributors, 1
partnership, 1
brochures, 1
communication, 1
materials, 1
imo, 1
discover, 1
shipcare, 1
dimethylether, 1
dme, 1
supporting, 1
thiogro, 1
maritime, 1
card, 1
login, 1
hub, 1
freight, 1
colours, 1
cities, 1
scenarios, 1
debate, 1
greenhouse, 1
cutting, 1
fair, 1
advantages, 1
floating, 1
tight, 1
providing, 1
facts, 1
methane, 1
deep, 1
putting, 1
competitive, 1
leveraging, 1
drones, 1
responsibility, 1
questions, 1
capture, 1
centres, 1
scientists, 1
gamechanger, 1
techworks, 1
solution, 1
research, 1
alliance, 1
livewire, 1
startup, 1
engine, 1
another, 1
step, 1
latest, 1
building, 1
electric, 1
vehicle, 1
charging, 1
ventures, 1
solar, 1
wind, 1
hydrogen, 1
low, 1
transformation, 1
action, 1
newsroom, 1
techxplorer, 1
digest, 1
travel, 1
hack, 1
mobility, 1
database, 1
idea, 1
transform, 1
sustainable, 1
development, 1
goals, 1
others, 1
assessments, 1
partners, 1
biodiversity, 1
circular, 1
economy, 1
plastic, 1
air, 1
quality, 1
employment, 1
enterprise, 1
education, 1
boosting, 1
economies, 1
entrepreneurship, 1
personal, 1
employee, 1
welfare, 1
registration, 1
evaluation, 1
authorisation, 1
restriction, 1
reach, 1
payments, 1
governments, 1
advocacy, 1
political, 1
activity, 1
external, 1
codes, 1
preventing, 1
facilitation, 1
evasion, 1
film, 1
investing, 1
regulatory, 1
sec, 1
alerts, 1
quarterly, 1
supplements, 1
consensus, 1
estimates, 1
topics, 1
timetable, 1
scrip, 1
managing, 1
shares, 1
buybacks, 1
capital, 1
gains, 1
bg, 1
shareholder, 1
credit, 1
outstanding, 1
bonds, 1
euro, 1
note, 1
emtn, 1
international, 1
finance, 1
calendar, 1
contacts, 1
day, 1
fourth, 1
quarter, 1
february, 1
rewards, 1
opportunities, 1
team, 1
glance, 1
assessed, 1
internship, 1
excel, 1
prepare, 1
video, 1
stand, 1
employees, 1
week, 1
career, 1
path, 1
improve, 1
resume, 1
professionals, 1
talent, 1
agencies, 1
joined, 1
laura, 1
sharief, 1
toib, 1
thomas, 1
inside, 1
algeria, 1
botswana, 1
burkina, 1
faso, 1
cape, 1
verde, 1
ghana, 1
guinea, 1
ivory, 1
coast, 1
kenya, 1
reunion, 1
lesotho, 1
madagascar, 1
mali, 1
mauritius, 1
morocco, 1
namibia, 1
nigeria, 1
senegal, 1
swaziland, 1
tanzania, 1
tunisia, 1
uganda, 1
argentina, 1
aruba, 1
bahamas, 1
barbados, 1
bolivia, 1
brazil, 1
chile, 1
colombia, 1
costa, 1
rica, 1
dominican, 1
ecuador, 1
salvador, 1
guatemala, 1
honduras, 1
mexico, 1
nicaragua, 1
panama, 1
peru, 1
español, 1
suriname, 1
trinidad, 1
tobago, 1
states, 1
uruguay, 1
venezuela, 1
australia, 1
azerbaijan, 1
brunei, 1
india, 1
bahasa, 1
日本語, 1
қазақша, 1
laos, 1
malaysia, 1
mongolia, 1
myanmar, 1
pakistan, 1
palau, 1
philippines, 1
singapore, 1
한국어, 1
taiwan, 1
ไทย, 1
turkmenistan, 1
vietnam, 1
albania, 1
austria, 1
nederlands, 1
bulgaria, 1
cyprus, 1
czech, 1
denmark, 1
estonia, 1
finland, 1
france, 1
germany, 1
gibraltar, 1
ελληνικά, 1
hungary, 1
ireland, 1
italy, 1
kosovo, 1
latviešu, 1
lithuania, 1
luxemburg, 1
netherlands, 1
norway, 1
poland, 1
portugal, 1
romania, 1
russia, 1
slovakia, 1
slovenia, 1
spain, 1
sweden, 1
deutsch, 1
turkey, 1
ukraine, 1
kingdom, 1
iraq, 1
jordan, 1
kuwait, 1
palestine, 1
qatar, 1
syria, 1
arab, 1
emirates, 1
recent, 1
loyalty, 1
quick, 1
links, 1
operates, 1
direction, 1
responsible, 1
overall, 1
affairs, 1
final, 1
authority, 1
within, 1
duties, 1
authorities, 1
supports, 1
implements, 1
resolutions, 1
supervises, 1
levels, 1
beurden, 1
jessica, 1
uhl, 1
harry, 1
brekelmans, 1
donny, 1
ching, 1
legal, 1
ronan, 1
cassidy, 1
wael, 1
sawan, 1
huibert, 1
vigeveno, 1
downstream, 1
maarten, 1
wetselaar, 1
integrated, 1
selection, 1
leaders, 1
close, 1
link, 1
clipboard, 1
meet, 1
discuss, 1
reviews, 1
plans, 1
events, 1
may, 1
interested, 1
remuneration, 1
briefings, 1
available, 1
pdf, 1
download, 1
printed, 1
ordered, 1
charge, 1
year, 1
archived, 1
contributing, 1
diverse, 1
inclusive, 1
history, 1
motorsport, 1
modern, 1
slavery, 1
act, 1
apps, 1
helpline, 1
instagram, 1
youtube, 1
site, 1
accessibility, 1
notices, 1
fraud, 1
scam, 1
alert, 1
modify, 1
preferences, 1
