unilever, 14
committee, 11
opens, 11
new, 11
brands, 10
chief, 10
officer, 10
director, 10
corporate, 7
member, 7
search, 6
company, 6
skip, 6
news, 6
investors, 6
us, 5
planet, 5
governance, 5
president, 5
chair, 5
window, 5
contact, 4
people, 4
society, 4
suppliers, 4
careers, 4
page, 4
leadership, 4
executive, 4
close, 3
facebook, 3
global, 3
make, 3
sustainable, 3
living, 3
work, 3
contacts, 3
world, 3
home, 3
nominating, 3
audit, 3
responsibility, 3
notice, 3
twitter, 2
linkedin, 2
commonplace, 2
business, 2
innovation, 2
sustainability, 2
marketing, 2
positive, 2
foods, 2
refreshment, 2
beauty, 2
personal, 2
products, 2
action, 2
diversity, 2
future, 2
human, 2
centre, 2
find, 2
strategy, 2
ule, 2
board, 2
alan, 2
jope, 2
graeme, 2
pitkethly, 2
financial, 2
legal, 2
compensation, 2
share, 2
connect, 2
cookie, 2
location, 1
container, 1
youtube, 1
glassdoor, 1
instagram, 1
purpose, 1
inspire, 1
exceptional, 1
performance, 1
glanceour, 1
compass, 1
strategyour, 1
approachour, 1
leadershipthe, 1
logoour, 1
history, 1
archives, 1
happening, 1
explore, 1
latest, 1
stories, 1
covering, 1
insightscovid, 1
responsepress, 1
releasessign, 1
press, 1
releasesvideo, 1
libraryglobal, 1
media, 1
journey, 1
reducing, 1
environmental, 1
footprint, 1
increasing, 1
social, 1
impact, 1
ingredients, 1
big, 1
ambition, 1
climate, 1
protect, 1
regenerate, 1
nature, 1
nutrition, 1
health, 1
wellbeing, 1
equity, 1
inclusion, 1
raise, 1
standards, 1
respect, 1
rights, 1
responsible, 1
reporting, 1
position, 1
ontake, 1
ambitious, 1
plans, 1
deliver, 1
growth, 1
partners, 1
good, 1
working, 1
together, 1
invoice, 1
usbecoming, 1
supplierterms, 1
conditionssupplier, 1
widely, 1
recognised, 1
preferred, 1
employer, 1
graduates, 1
experienced, 1
professionals, 1
early, 1
careersexperienced, 1
careerswhy, 1
unileverfind, 1
jobs, 1
dedicated, 1
section, 1
read, 1
shares, 1
understanding, 1
results, 1
presentations, 1
shareholder, 1
debt, 1
annual, 1
report, 1
accounts, 1
highlights, 1
sustainabilityfinancial, 1
calendar, 1
faq, 1
burger, 1
toggle, 1
companycurrent, 1
international, 1
team, 1
drives, 1
guides, 1
leads, 1
learn, 1
directors, 1
conny, 1
braams, 1
digital, 1
marc, 1
engel, 1
supply, 1
chain, 1
hanneke, 1
faber, 1
fabian, 1
garcia, 1
north, 1
america, 1
sunny, 1
jain, 1
sanjiv, 1
mehta, 1
south, 1
asia, 1
managing, 1
hindustan, 1
leena, 1
nair, 1
resources, 1
nitin, 1
paranjpe, 1
operating, 1
richard, 1
slater, 1
research, 1
development, 1
ritva, 1
sotamaa, 1
group, 1
secretary, 1
kulve, 1
nils, 1
andersen, 1
laura, 1
cha, 1
dr, 1
judith, 1
hartmann, 1
andrea, 1
jung, 1
susan, 1
kilsby, 1
strive, 1
masiyiwa, 1
john, 1
rishton, 1
feike, 1
sijbesma, 1
professor, 1
youngme, 1
moon, 1
senior, 1
independent, 1
previous, 1
approach, 1
next, 1
logo, 1
email, 1
always, 1
looking, 1
interest, 1
windowtwitter, 1
windowlinkedin, 1
windowinstagram, 1
get, 1
touch, 1
specialist, 1
teams, 1
headquarters, 1
around, 1
website, 1
uk, 1
modern, 1
slavery, 1
act, 1
transparency, 1
statement, 1
accessibility, 1
vulnerability, 1
disclosure, 1
policy, 1
windowprivacy, 1
windowsitemap, 1
windowrss, 1
settings, 1
